node_type_id,category,num_cores,memory_gb,dbu_per_hour,local_disk_gb,num_gpus,photon_capable,deprecated
Standard_D128ds_v6,General Purpose,128,512.0,35.84,0,0,True,False
Standard_D12_v2,Memory Optimized (Remote HDD),4,28.0,1,200,0,True,False
Standard_D13_v2,Memory Optimized (Remote HDD),8,56.0,2,400,0,True,False
Standard_D14_v2,Memory Optimized (Remote HDD),16,112.0,4,800,0,True,False
Standard_D15_v2,Memory Optimized (Remote HDD),20,140.0,5,1000,0,True,False
Standard_D16_v3,General Purpose (HDD),16,64.0,3,400,0,True,False
Standard_D16a_v4,General Purpose,16,64.0,3,400,0,True,False
Standard_D16ads_v5,General Purpose,16,64.0,4,600,0,True,False
Standard_D16ads_v6,General Purpose,16,64.0,5.1,0,0,True,False
Standard_D16as_v4,General Purpose,16,64.0,3,128,0,True,False
Standard_D16as_v5,General Purpose,16,64.0,4,0,0,True,False
Standard_D16d_v4,General Purpose,16,64.0,3,600,0,True,False
Standard_D16ds_v4,General Purpose,16,64.0,3,600,0,True,False
Standard_D16ds_v5,General Purpose,16,64.0,4,600,0,True,False
Standard_D16ds_v6,General Purpose,16,64.0,4.48,0,0,True,False
Standard_D16pds_v6,General Purpose,16,64.0,4.68,0,0,True,False
Standard_D16plds_v6,General Purpose,16,32.0,4.68,0,0,False,False
Standard_D16pls_v6,General Purpose,16,32.0,4.68,0,0,False,False
Standard_D16ps_v6,General Purpose,16,64.0,4.68,0,0,True,False
Standard_D16s_v3,General Purpose,16,64.0,3,128,0,True,False
Standard_D16s_v4,General Purpose,16,64.0,3,0,0,True,False
Standard_D16s_v5,General Purpose,16,64.0,4,0,0,True,False
Standard_D2ads_v6,General Purpose,2,8.0,0.64,0,0,True,False
Standard_D2ds_v6,General Purpose,2,8.0,0.56,0,0,True,False
Standard_D32_v3,General Purpose (HDD),32,128.0,6,800,0,True,False
Standard_D32a_v4,General Purpose,32,128.0,6,800,0,True,False
Standard_D32ads_v5,General Purpose,32,128.0,8,1200,0,True,False
Standard_D32ads_v6,General Purpose,32,128.0,10.2,0,0,True,False
Standard_D32as_v4,General Purpose,32,128.0,6,256,0,True,False
Standard_D32as_v5,General Purpose,32,128.0,8,0,0,True,False
Standard_D32d_v4,General Purpose,32,128.0,6,1200,0,True,False
Standard_D32ds_v4,General Purpose,32,128.0,6,1200,0,True,False
Standard_D32ds_v5,General Purpose,32,128.0,8,1200,0,True,False
Standard_D32ds_v6,General Purpose,32,128.0,8.96,0,0,True,False
Standard_D32pds_v6,General Purpose,32,128.0,9.36,0,0,True,False
Standard_D32plds_v6,General Purpose,32,64.0,9.36,0,0,False,False
Standard_D32pls_v6,General Purpose,32,64.0,9.36,0,0,False,False
Standard_D32ps_v6,General Purpose,32,128.0,9.36,0,0,True,False
Standard_D32s_v3,General Purpose,32,128.0,6,256,0,True,False
Standard_D32s_v4,General Purpose,32,128.0,6,0,0,True,False
Standard_D32s_v5,General Purpose,32,128.0,8,0,0,True,False
Standard_D3_v2,General Purpose (HDD),4,14.0,0.75,200,0,True,False
Standard_D48a_v4,General Purpose,48,192.0,9,1200,0,True,False
Standard_D48ads_v5,General Purpose,48,192.0,12,1800,0,True,False
Standard_D48ads_v6,General Purpose,48,192.0,15.3,0,0,True,False
Standard_D48as_v4,General Purpose,48,192.0,9,384,0,True,False
Standard_D48as_v5,General Purpose,48,192.0,12,0,0,True,False
Standard_D48d_v4,General Purpose,48,192.0,9,1800,0,True,False
Standard_D48ds_v4,General Purpose,48,192.0,9,1800,0,True,False
Standard_D48ds_v5,General Purpose,48,192.0,12,1800,0,True,False
Standard_D48ds_v6,General Purpose,48,192.0,13.44,0,0,True,False
Standard_D48pds_v6,General Purpose,48,192.0,14.04,0,0,True,False
Standard_D48plds_v6,General Purpose,48,96.0,14.04,0,0,False,False
Standard_D48pls_v6,General Purpose,48,96.0,14.04,0,0,False,False
Standard_D48ps_v6,General Purpose,48,192.0,14.04,0,0,True,False
Standard_D48s_v4,General Purpose,48,192.0,9,0,0,True,False
Standard_D48s_v5,General Purpose,48,192.0,12,0,0,True,False
Standard_D4_v2,General Purpose (HDD),8,28.0,1.5,400,0,True,False
Standard_D4a_v4,General Purpose,4,16.0,0.75,100,0,True,False
Standard_D4ads_v5,General Purpose,4,16.0,1,150,0,True,False
Standard_D4ads_v6,General Purpose,4,16.0,1.28,0,0,True,False
Standard_D4as_v5,General Purpose,4,16.0,1,0,0,True,False
Standard_D4d_v4,General Purpose,4,16.0,0.75,150,0,True,False
Standard_D4ds_v4,General Purpose,4,16.0,0.75,150,0,True,False
Standard_D4ds_v5,General Purpose,4,16.0,1,150,0,True,False
Standard_D4ds_v6,General Purpose,4,16.0,1.12,0,0,True,False
Standard_D4pds_v6,General Purpose,4,16.0,1.17,0,0,True,False
Standard_D4plds_v6,General Purpose,4,8.0,1.17,0,0,False,False
Standard_D4pls_v6,General Purpose,4,8.0,1.17,0,0,False,False
Standard_D4ps_v6,General Purpose,4,16.0,1.17,0,0,True,False
Standard_D4s_v3,General Purpose,4,16.0,0.75,32,0,True,False
Standard_D4s_v4,General Purpose,4,16.0,0.75,0,0,True,False
Standard_D4s_v5,General Purpose,4,16.0,1,0,0,True,False
Standard_D5_v2,General Purpose (HDD),16,56.0,3,800,0,True,False
Standard_D64_v3,General Purpose (HDD),64,256.0,12,1600,0,True,False
Standard_D64a_v4,General Purpose,64,256.0,12,1600,0,True,False
Standard_D64ads_v5,General Purpose,64,256.0,16,2400,0,True,False
Standard_D64ads_v6,General Purpose,64,256.0,20.4,0,0,True,False
Standard_D64as_v4,General Purpose,64,256.0,12,512,0,True,False
Standard_D64as_v5,General Purpose,64,256.0,16,0,0,True,False
Standard_D64d_v4,General Purpose,64,256.0,12,2400,0,True,False
Standard_D64ds_v4,General Purpose,64,256.0,12,2400,0,True,False
Standard_D64ds_v5,General Purpose,64,256.0,16,2400,0,True,False
Standard_D64ds_v6,General Purpose,64,256.0,17.92,0,0,True,False
Standard_D64pds_v6,General Purpose,64,256.0,18.72,0,0,True,False
Standard_D64plds_v6,General Purpose,64,128.0,18.72,0,0,False,False
Standard_D64pls_v6,General Purpose,64,128.0,18.72,0,0,False,False
Standard_D64ps_v6,General Purpose,64,256.0,18.72,0,0,True,False
Standard_D64s_v3,General Purpose,64,256.0,12,512,0,True,False
Standard_D64s_v4,General Purpose,64,256.0,12,0,0,True,False
Standard_D64s_v5,General Purpose,64,256.0,16,0,0,True,False
Standard_D8_v3,General Purpose (HDD),8,32.0,1.5,200,0,True,False
Standard_D8a_v4,General Purpose,8,32.0,1.5,200,0,True,False
Standard_D8ads_v5,General Purpose,8,32.0,2,300,0,True,False
Standard_D8ads_v6,General Purpose,8,32.0,2.55,0,0,True,False
Standard_D8as_v4,General Purpose,8,32.0,1.5,64,0,True,False
Standard_D8as_v5,General Purpose,8,32.0,2,0,0,True,False
Standard_D8d_v4,General Purpose,8,32.0,1.5,300,0,True,False
Standard_D8ds_v4,General Purpose,8,32.0,1.5,300,0,True,False
Standard_D8ds_v5,General Purpose,8,32.0,2,300,0,True,False
Standard_D8ds_v6,General Purpose,8,32.0,2.24,0,0,True,False
Standard_D8pds_v6,General Purpose,8,32.0,2.34,0,0,True,False
Standard_D8plds_v6,General Purpose,8,16.0,2.34,0,0,False,False
Standard_D8pls_v6,General Purpose,8,16.0,2.34,0,0,False,False
Standard_D8ps_v6,General Purpose,8,32.0,2.34,0,0,True,False
Standard_D8s_v3,General Purpose,8,32.0,1.5,64,0,True,False
Standard_D8s_v4,General Purpose,8,32.0,1.5,0,0,True,False
Standard_D8s_v5,General Purpose,8,32.0,2,0,0,True,False
Standard_D96a_v4,General Purpose,96,384.0,18,2400,0,True,False
Standard_D96ads_v5,General Purpose,96,384.0,24,2400,0,True,False
Standard_D96ads_v6,General Purpose,96,384.0,30.6,0,0,True,False
Standard_D96as_v4,General Purpose,96,384.0,18,768,0,True,False
Standard_D96as_v5,General Purpose,96,384.0,24,0,0,True,False
Standard_D96ds_v5,General Purpose,96,384.0,24,3600,0,True,False
Standard_D96ds_v6,General Purpose,96,384.0,26.88,0,0,True,False
Standard_D96pds_v6,General Purpose,96,384.0,28.08,0,0,True,False
Standard_D96plds_v6,General Purpose,96,192.0,28.08,0,0,False,False
Standard_D96pls_v6,General Purpose,96,192.0,28.08,0,0,False,False
Standard_D96ps_v6,General Purpose,96,384.0,28.08,0,0,True,False
Standard_D96s_v5,General Purpose,96,384.0,24,0,0,True,False
Standard_DC16ads_v6,Confidential - General Purpose,16,64.0,5.1,600,0,True,False
Standard_DC16as_v5,Confidential - General Purpose,16,64.0,4,0,0,True,False
Standard_DC32ads_v6,Confidential - General Purpose,32,128.0,10.2,1200,0,True,False
Standard_DC32as_v5,Confidential - General Purpose,32,128.0,8,0,0,True,False
Standard_DC48ads_v6,Confidential - General Purpose,48,192.0,15.3,1800,0,True,False
Standard_DC4ads_v6,Confidential - General Purpose,4,16.0,1.28,150,0,True,False
Standard_DC4as_v5,Confidential - General Purpose,4,16.0,1,0,0,True,False
Standard_DC64ads_v6,Confidential - General Purpose,64,256.0,20.4,2400,0,True,False
Standard_DC8ads_v6,Confidential - General Purpose,8,32.0,2.55,300,0,True,False
Standard_DC8as_v5,Confidential - General Purpose,8,32.0,2,0,0,True,False
Standard_DC96ads_v6,Confidential - General Purpose,96,384.0,30.6,3600,0,True,False
Standard_DS12_v2,Memory Optimized,4,28.0,1,56,0,True,False
Standard_DS13_v2,Memory Optimized,8,56.0,2,112,0,True,False
Standard_DS14_v2,Memory Optimized,16,112.0,4,224,0,True,False
Standard_DS15_v2,Memory Optimized,20,140.0,5,280,0,True,False
Standard_DS3_v2,General Purpose,4,14.0,0.75,28,0,True,False
Standard_DS4_v2,General Purpose,8,28.0,1.5,56,0,True,False
Standard_DS5_v2,General Purpose,16,56.0,3,112,0,True,False
Standard_E128ds_v6,Memory Optimized,128,1024.0,49.28,0,0,True,False
Standard_E16_v3,Memory Optimized,16,128.0,4,400,0,True,False
Standard_E16a_v4,Memory Optimized,16,128.0,4,400,0,True,False
Standard_E16ads_v5,Memory Optimized,16,128.0,5.5,600,0,True,False
Standard_E16ads_v6,Memory Optimized,16,128.0,7.02,0,0,True,False
Standard_E16as_v4,Memory Optimized,16,128.0,4,256,0,True,False
Standard_E16as_v5,Memory Optimized,16,128.0,5.5,0,0,True,False
Standard_E16d_v4,Memory Optimized,16,128.0,4,600,0,True,False
Standard_E16ds_v4,Memory Optimized,16,128.0,4,600,0,True,False
Standard_E16ds_v5,Memory Optimized,16,128.0,5.5,600,0,True,False
Standard_E16ds_v6,Memory Optimized,16,128.0,6.16,0,0,True,False
Standard_E16pds_v6,Memory Optimized,16,128.0,6.44,0,0,True,False
Standard_E16ps_v6,Memory Optimized,16,128.0,6.44,0,0,True,False
Standard_E16s_v3,Memory Optimized,16,128.0,4,256,0,True,False
Standard_E16s_v4,Memory Optimized,16,128.0,4,0,0,True,False
Standard_E16s_v5,Memory Optimized,16,128.0,5.5,0,0,True,False
Standard_E20a_v4,Memory Optimized,20,160.0,5,500,0,True,False
Standard_E20ads_v5,Memory Optimized,20,160.0,7,750,0,True,False
Standard_E20ads_v6,Memory Optimized,20,160.0,8.78,0,0,True,False
Standard_E20as_v4,Memory Optimized,20,160.0,5,320,0,True,False
Standard_E20as_v5,Memory Optimized,20,160.0,7,0,0,True,False
Standard_E20d_v4,Memory Optimized,20,160.0,5,750,0,True,False
Standard_E20ds_v4,Memory Optimized,20,160.0,5,750,0,True,False
Standard_E20ds_v5,Memory Optimized,20,160.0,7,750,0,True,False
Standard_E20ds_v6,Memory Optimized,20,160.0,7.7,0,0,True,False
Standard_E20s_v4,Memory Optimized,20,160.0,5,0,0,True,False
Standard_E20s_v5,Memory Optimized,20,160.0,7,0,0,True,False
Standard_E2ads_v6,Memory Optimized,2,16.0,0.88,0,0,True,False
Standard_E2ds_v6,Memory Optimized,2,16.0,0.77,0,0,True,False
Standard_E2pds_v6,Memory Optimized,2,16.0,0.81,0,0,True,False
Standard_E2ps_v6,Memory Optimized,2,16.0,0.81,0,0,True,False
Standard_E32_v3,Memory Optimized,32,256.0,8,800,0,True,False
Standard_E32a_v4,Memory Optimized,32,256.0,8,800,0,True,False
Standard_E32ads_v5,Memory Optimized,32,256.0,11,1200,0,True,False
Standard_E32ads_v6,Memory Optimized,32,256.0,14.04,0,0,True,False
Standard_E32as_v4,Memory Optimized,32,256.0,8,512,0,True,False
Standard_E32as_v5,Memory Optimized,32,256.0,11,0,0,True,False
Standard_E32d_v4,Memory Optimized,32,256.0,8,1200,0,True,False
Standard_E32ds_v4,Memory Optimized,32,256.0,8,1200,0,True,False
Standard_E32ds_v5,Memory Optimized,32,256.0,11,1200,0,True,False
Standard_E32ds_v6,Memory Optimized,32,256.0,12.32,0,0,True,False
Standard_E32pds_v6,Memory Optimized,32,256.0,12.88,0,0,True,False
Standard_E32ps_v6,Memory Optimized,32,256.0,12.88,0,0,True,False
Standard_E32s_v3,Memory Optimized,32,256.0,8,512,0,True,False
Standard_E32s_v4,Memory Optimized,32,256.0,8,0,0,True,False
Standard_E32s_v5,Memory Optimized,32,256.0,11,0,0,True,False
Standard_E48a_v4,Memory Optimized,48,384.0,12,1200,0,True,False
Standard_E48ads_v5,Memory Optimized,48,384.0,16.5,1800,0,True,False
Standard_E48ads_v6,Memory Optimized,48,384.0,21.06,0,0,True,False
Standard_E48as_v4,Memory Optimized,48,384.0,12,768,0,True,False
Standard_E48as_v5,Memory Optimized,48,384.0,16.5,0,0,True,False
Standard_E48d_v4,Memory Optimized,48,384.0,12,1800,0,True,False
Standard_E48ds_v4,Memory Optimized,48,384.0,12,1800,0,True,False
Standard_E48ds_v5,Memory Optimized,48,384.0,16.5,1800,0,True,False
Standard_E48ds_v6,Memory Optimized,48,384.0,18.48,0,0,True,False
Standard_E48pds_v6,Memory Optimized,48,384.0,19.32,0,0,True,False
Standard_E48ps_v6,Memory Optimized,48,384.0,19.32,0,0,True,False
Standard_E48s_v4,Memory Optimized,48,384.0,12,0,0,True,False
Standard_E48s_v5,Memory Optimized,48,384.0,16.5,0,0,True,False
Standard_E4a_v4,Memory Optimized,4,32.0,1,100,0,True,False
Standard_E4ads_v5,Memory Optimized,4,32.0,1.5,150,0,True,False
Standard_E4ads_v6,Memory Optimized,4,32.0,1.76,0,0,True,False
Standard_E4as_v4,Memory Optimized,4,32.0,1,64,0,True,False
Standard_E4as_v5,Memory Optimized,4,32.0,1.5,0,0,True,False
Standard_E4d_v4,Memory Optimized,4,32.0,1,150,0,True,False
Standard_E4ds_v4,Memory Optimized,4,32.0,1,150,0,True,False
Standard_E4ds_v5,Memory Optimized,4,32.0,1.5,150,0,True,False
Standard_E4ds_v6,Memory Optimized,4,32.0,1.54,0,0,True,False
Standard_E4pds_v6,Memory Optimized,4,32.0,1.61,0,0,True,False
Standard_E4ps_v6,Memory Optimized,4,32.0,1.61,0,0,True,False
Standard_E4s_v4,Memory Optimized,4,32.0,1,0,0,True,False
Standard_E4s_v5,Memory Optimized,4,32.0,1.5,0,0,True,False
Standard_E64_v3,Memory Optimized,64,432.0,16,1600,0,True,False
Standard_E64a_v4,Memory Optimized,64,512.0,16,1600,0,True,False
Standard_E64ads_v5,Memory Optimized,64,512.0,22,2400,0,True,False
Standard_E64ads_v6,Memory Optimized,64,512.0,28.08,0,0,True,False
Standard_E64as_v4,Memory Optimized,64,512.0,16,864,0,True,False
Standard_E64as_v5,Memory Optimized,64,512.0,22,0,0,True,False
Standard_E64d_v4,Memory Optimized,64,504.0,16,2400,0,True,False
Standard_E64ds_v4,Memory Optimized,64,504.0,16,2400,0,True,False
Standard_E64ds_v5,Memory Optimized,64,512.0,22,2400,0,True,False
Standard_E64ds_v6,Memory Optimized,64,512.0,24.64,0,0,True,False
Standard_E64pds_v6,Memory Optimized,64,512.0,25.76,0,0,True,False
Standard_E64ps_v6,Memory Optimized,64,512.0,25.76,0,0,True,False
Standard_E64s_v3,Memory Optimized,64,432.0,16,864,0,True,False
Standard_E64s_v4,Memory Optimized,64,504.0,16,0,0,True,False
Standard_E64s_v5,Memory Optimized,64,512.0,22,0,0,True,False
Standard_E80ids_v4,Memory Optimized,80,504.0,20,4260,0,True,False
Standard_E80is_v4,Memory Optimized,80,504.0,20,0,0,True,False
Standard_E8_v3,Memory Optimized,8,64.0,2,200,0,True,False
Standard_E8a_v4,Memory Optimized,8,64.0,2,200,0,True,False
Standard_E8ads_v5,Memory Optimized,8,64.0,2.75,300,0,True,False
Standard_E8ads_v6,Memory Optimized,8,64.0,3.51,0,0,True,False
Standard_E8as_v4,Memory Optimized,8,64.0,2,128,0,True,False
Standard_E8as_v5,Memory Optimized,8,64.0,2.75,0,0,True,False
Standard_E8d_v4,Memory Optimized,8,64.0,2,300,0,True,False
Standard_E8ds_v4,Memory Optimized,8,64.0,2,300,0,True,False
Standard_E8ds_v5,Memory Optimized,8,64.0,2.75,300,0,True,False
Standard_E8ds_v6,Memory Optimized,8,64.0,3.08,0,0,True,False
Standard_E8pds_v6,Memory Optimized,8,64.0,3.22,0,0,True,False
Standard_E8ps_v6,Memory Optimized,8,64.0,3.22,0,0,True,False
Standard_E8s_v3,Memory Optimized,8,64.0,2,128,0,True,False
Standard_E8s_v4,Memory Optimized,8,64.0,2,0,0,True,False
Standard_E8s_v5,Memory Optimized,8,64.0,2.75,0,0,True,False
Standard_E96a_v4,Memory Optimized,96,672.0,24,2400,0,True,False
Standard_E96ads_v5,Memory Optimized,96,672.0,33,3600,0,True,False
Standard_E96ads_v6,Memory Optimized,96,672.0,42.12,0,0,True,False
Standard_E96as_v4,Memory Optimized,96,672.0,24,1344,0,True,False
Standard_E96as_v5,Memory Optimized,96,672.0,33,0,0,True,False
Standard_E96ds_v5,Memory Optimized,96,672.0,33,3600,0,True,False
Standard_E96ds_v6,Memory Optimized,96,768.0,36.96,0,0,True,False
Standard_E96pds_v6,Memory Optimized,96,672.0,38.64,0,0,True,False
Standard_E96ps_v6,Memory Optimized,96,672.0,38.64,0,0,True,False
Standard_E96s_v5,Memory Optimized,96,672.0,33,0,0,True,False
Standard_EC16ads_v5,Confidential - Memory Optimized,16,128.0,5.5,600,0,True,False
Standard_EC16ads_v6,Confidential - Memory Optimized,16,128.0,7.02,600,0,True,False
Standard_EC16as_v5,Confidential - Memory Optimized,16,128.0,5.5,0,0,True,False
Standard_EC32ads_v5,Confidential - Memory Optimized,32,192.0,11,1200,0,True,False
Standard_EC32ads_v6,Confidential - Memory Optimized,32,256.0,14.04,1200,0,True,False
Standard_EC32as_v5,Confidential - Memory Optimized,32,192.0,11,0,0,True,False
Standard_EC48ads_v6,Confidential - Memory Optimized,48,384.0,21.06,1800,0,True,False
Standard_EC4ads_v6,Confidential - Memory Optimized,4,32.0,1.76,150,0,True,False
Standard_EC64ads_v6,Confidential - Memory Optimized,64,512.0,28.08,2400,0,True,False
Standard_EC8ads_v5,Confidential - Memory Optimized,8,64.0,2.75,300,0,True,False
Standard_EC8ads_v6,Confidential - Memory Optimized,8,64.0,3.51,300,0,True,False
Standard_EC8as_v5,Confidential - Memory Optimized,8,64.0,2.75,0,0,True,False
Standard_EC96ads_v6,Confidential - Memory Optimized,96,672.0,42.12,2400,0,True,False
Standard_F16,Compute Optimized,16,32.0,2,256,0,False,False
Standard_F16s,Compute Optimized,16,32.0,2,64,0,False,False
Standard_F16s_v2,Compute Optimized,16,32.0,3,128,0,False,False
Standard_F32s_v2,Compute Optimized,32,64.0,6,256,0,False,False
Standard_F4,Compute Optimized,4,8.0,0.5,64,0,False,False
Standard_F4s,Compute Optimized,4,8.0,0.5,16,0,False,False
Standard_F4s_v2,Compute Optimized,4,8.0,0.75,32,0,False,False
Standard_F64s_v2,Compute Optimized,64,128.0,12,512,0,False,False
Standard_F72s_v2,Compute Optimized,72,144.0,13.5,576,0,False,False
Standard_F8,Compute Optimized,8,16.0,1,128,0,False,False
Standard_F8s,Compute Optimized,8,16.0,1,32,0,False,False
Standard_F8s_v2,Compute Optimized,8,16.0,1.5,64,0,False,False
Standard_H16,Compute Optimized,16,112.0,5,2000,0,True,False
Standard_H8,Compute Optimized,8,56.0,2.5,1000,0,True,False
Standard_L16as_v3,Storage Optimized,16,128.0,5.5,160,0,True,False
Standard_L16s,Storage Optimized,16,128.0,4,2807,0,True,True
Standard_L16s_v2,Storage Optimized,16,128.0,4,160,0,True,False
Standard_L16s_v3,Storage Optimized,16,128.0,5.5,160,0,True,False
Standard_L32as_v3,Storage Optimized,32,256.0,11,320,0,True,False
Standard_L32s,Storage Optimized,32,256.0,8,5630,0,True,True
Standard_L32s_v2,Storage Optimized,32,256.0,8,320,0,True,False
Standard_L32s_v3,Storage Optimized,32,256.0,11,320,0,True,False
Standard_L48as_v3,Storage Optimized,48,384.0,16.5,480,0,True,False
Standard_L48s_v3,Storage Optimized,48,384.0,16.5,480,0,True,False
Standard_L4s,Storage Optimized,4,32.0,1,678,0,True,True
Standard_L64as_v3,Storage Optimized,64,512.0,22,640,0,True,False
Standard_L64s_v2,Storage Optimized,64,512.0,16,640,0,True,False
Standard_L64s_v3,Storage Optimized,64,512.0,22,640,0,True,False
Standard_L80as_v3,Storage Optimized,80,640.0,27.5,800,0,True,False
Standard_L80s_v2,Storage Optimized,80,640.0,20,800,0,True,False
Standard_L80s_v3,Storage Optimized,80,640.0,27.5,800,0,True,False
Standard_L8as_v3,Storage Optimized,8,64.0,2.75,80,0,True,False
Standard_L8s,Storage Optimized,8,64.0,2,1388,0,True,True
Standard_L8s_v2,Storage Optimized,8,64.0,2,80,0,True,False
Standard_L8s_v3,Storage Optimized,8,64.0,2.75,80,0,True,False
Standard_NC12,GPU Accelerated,12,112.0,3,680,2,False,True
Standard_NC12s_v3,GPU Accelerated,12,224.0,10,672,2,False,False
Standard_NC16as_T4_v3,GPU Accelerated,16,110.0,2.5,352,1,False,False
Standard_NC24,GPU Accelerated,24,224.0,6,1440,4,False,True
Standard_NC24ads_A100_v4,GPU Accelerated,24,220.0,10,64,1,False,False
Standard_NC24s_v3,GPU Accelerated,24,448.0,20,1344,4,False,False
Standard_NC40ads_H100_v5,GPU Accelerated,40,320.0,13.06,128,1,True,False
Standard_NC48ads_A100_v4,GPU Accelerated,48,440.0,20,128,2,False,False
Standard_NC4as_T4_v3,GPU Accelerated,4,28.0,1,176,1,False,False
Standard_NC64as_T4_v3,GPU Accelerated,64,440.0,10,2816,4,False,False
Standard_NC6s_v3,GPU Accelerated,6,112.0,5,336,1,False,False
Standard_NC80adis_H100_v5,GPU Accelerated,80,640.0,26.12,256,2,True,False
Standard_NC8as_T4_v3,GPU Accelerated,8,56.0,1.5,352,1,False,False
Standard_NC96ads_A100_v4,GPU Accelerated,96,880.0,44,256,4,False,False
Standard_ND96asr_v4,GPU Accelerated,96,900.0,44,6000,8,False,False
Standard_ND96isr_H100_v5,GPU Accelerated,96,1900.0,88.91,1024,8,True,False
Standard_NV36adms_A10_v5,GPU Accelerated,36,880.0,6,2880,1,False,False
Standard_NV36ads_A10_v5,GPU Accelerated,36,440.0,4,1440,1,False,False
Standard_NV72ads_A10_v5,GPU Accelerated,72,880.0,12,2880,2,False,False
Standard_D11_v2,,,,0.5,,,,
Standard_D128lds_v6,,,,1,,,,
Standard_D16alds_v6,,,,1,,,,
Standard_D16als_v6,,,,1,,,,
Standard_D16as_v6,,,,1,,,,
Standard_D16lds_v6,,,,1,,,,
Standard_D2_v2,,,,0.5,,,,
Standard_D2_v3,,,,0.5,,,,
Standard_D2as_v6,,,,1,,,,
Standard_D2s_v3,,,,0.5,,,,
Standard_D32alds_v6,,,,1,,,,
Standard_D32als_v6,,,,1,,,,
Standard_D32as_v6,,,,1,,,,
Standard_D32lds_v6,,,,1,,,,
Standard_D48alds_v6,,,,1,,,,
Standard_D48als_v6,,,,1,,,,
Standard_D48as_v6,,,,1,,,,
Standard_D48lds_v6,,,,1,,,,
Standard_D4_v3,,,,0.75,,,,
Standard_D4alds_v6,,,,1,,,,
Standard_D4als_v6,,,,1,,,,
Standard_D4as_v6,,,,1,,,,
Standard_D4lds_v6,,,,1,,,,
Standard_D64alds_v6,,,,1,,,,
Standard_D64als_v6,,,,1,,,,
Standard_D64as_v6,,,,1,,,,
Standard_D64lds_v6,,,,1,,,,
Standard_D8alds_v6,,,,1,,,,
Standard_D8als_v6,,,,1,,,,
Standard_D8as_v6,,,,1,,,,
Standard_D8lds_v6,,,,1,,,,
Standard_D96alds_v6,,,,1,,,,
Standard_D96als_v6,,,,1,,,,
Standard_D96as_v6,,,,1,,,,
Standard_D96lds_v6,,,,1,,,,
Standard_DC16ads_v5,,,,1,,,,
Standard_DC16es_v5,,,,1,,,,
Standard_DC2ads_v5,,,,1,,,,
Standard_DC2es_v5,,,,1,,,,
Standard_DC32ads_v5,,,,1,,,,
Standard_DC32es_v5,,,,1,,,,
Standard_DC48ads_v5,,,,1,,,,
Standard_DC48es_v5,,,,1,,,,
Standard_DC4ads_v5,,,,1,,,,
Standard_DC4es_v5,,,,1,,,,
Standard_DC64ads_v5,,,,1,,,,
Standard_DC64es_v5,,,,1,,,,
Standard_DC8ads_v5,,,,1,,,,
Standard_DC8es_v5,,,,1,,,,
Standard_DC96ads_v5,,,,1,,,,
Standard_DC96es_v5,,,,1,,,,
Standard_DS11,,,,0.5,,,,
Standard_DS11_v2,,,,0.5,,,,
Standard_DS11_v2_Promo,,,,0.5,,,,
Standard_DS12,,,,1,,,,
Standard_DS12_v2_Promo,,,,1,,,,
Standard_DS13,,,,2,,,,
Standard_DS13_v2_Promo,,,,2,,,,
Standard_DS14,,,,4,,,,
Standard_DS14_v2_Promo,,,,4,,,,
Standard_DS1_v2,,,,0.2,,,,
Standard_DS2,,,,0.5,,,,
Standard_DS2_v2,,,,0.4,,,,
Standard_DS2_v2_Promo,,,,0.5,,,,
Standard_DS3,,,,0.75,,,,
Standard_DS3_v2_Promo,,,,0.75,,,,
Standard_DS4,,,,1.5,,,,
Standard_DS4_v2_Promo,,,,1.5,,,,
Standard_DS5_v2_Promo,,,,3,,,,
Standard_E128s_v6,,,,1,,,,
Standard_E16as_v6,,,,1,,,,
Standard_E16s_v6,,,,1,,,,
Standard_E20as_v6,,,,1,,,,
Standard_E20s_v6,,,,1,,,,
Standard_E2as_v4,,,,0.5,,,,
Standard_E2as_v6,,,,1,,,,
Standard_E2ds_v4,,,,0.5,,,,
Standard_E2ds_v5,,,,0.75,,,,
Standard_E2s_v3,,,,0.5,,,,
Standard_E2s_v6,,,,1,,,,
Standard_E32as_v6,,,,1,,,,
Standard_E32s_v6,,,,1,,,,
Standard_E48as_v6,,,,1,,,,
Standard_E48s_v6,,,,1,,,,
Standard_E4as_v6,,,,1,,,,
Standard_E4bds_v5,,,,1.75,,,,
Standard_E4s_v3,,,,1,,,,
Standard_E4s_v6,,,,1,,,,
Standard_E64as_v6,,,,1,,,,
Standard_E64s_v6,,,,1,,,,
Standard_E8as_v6,,,,1,,,,
Standard_E8bds_v5,,,,3.5,,,,
Standard_E8s_v6,,,,1,,,,
Standard_E96as_v6,,,,1,,,,
Standard_E96s_v6,,,,1,,,,
Standard_EC128es_v5,,,,1,,,,
Standard_EC16as_v6,,,,7.02,,,,
Standard_EC16es_v5,,,,1,,,,
Standard_EC2es_v5,,,,1,,,,
Standard_EC32as_v6,,,,14.04,,,,
Standard_EC32es_v5,,,,1,,,,
Standard_EC48as_v6,,,,21.06,,,,
Standard_EC48es_v5,,,,1,,,,
Standard_EC4as_v6,,,,1.76,,,,
Standard_EC4es_v5,,,,1,,,,
Standard_EC64as_v6,,,,28.08,,,,
Standard_EC64es_v5,,,,1,,,,
Standard_EC8as_v6,,,,3.51,,,,
Standard_EC8es_v5,,,,1,,,,
Standard_EC96as_v6,,,,42.12,,,,
Standard_F16als_v6,,,,1,,,,
Standard_F16ams_v6,,,,1,,,,
Standard_F16as_v6,,,,1,,,,
Standard_F2ams_v6,,,,1,,,,
Standard_F2as_v6,,,,1,,,,
Standard_F32als_v6,,,,1,,,,
Standard_F32ams_v6,,,,1,,,,
Standard_F32as_v6,,,,1,,,,
Standard_F48als_v6,,,,1,,,,
Standard_F48ams_v6,,,,1,,,,
Standard_F48as_v6,,,,1,,,,
Standard_F4als_v6,,,,1,,,,
Standard_F4ams_v6,,,,1,,,,
Standard_F4as_v6,,,,1,,,,
Standard_F64als_v6,,,,1,,,,
Standard_F64ams_v6,,,,1,,,,
Standard_F64as_v6,,,,1,,,,
Standard_F8als_v6,,,,1,,,,
Standard_F8ams_v6,,,,1,,,,
Standard_F8as_v6,,,,1,,,,
Standard_HX176rs,,,,67.76,,,,
Standard_HX176s,,,,67.76,,,,
Standard_NC12s_v2,,,,6.75,,,,
Standard_NC24r,,,,6,,,,
Standard_NC24rs_v2,,,,13.5,,,,
Standard_NC24rs_v3,,,,20,,,,
Standard_NC24s_v2,,,,13.5,,,,
Standard_NC6,,,,1.5,,,,
Standard_NC6s_v2,,,,3.38,,,,
